-9.45,-5.45,0.0
-9.35,-5.45,0.0
-9.25,-5.45,0.0
-9.15,-5.45,0.0
-9.05,-5.45,0.0
-8.950000000000001,-5.45,0.0
-8.850000000000001,-5.45,0.0
-8.750000000000002,-5.45,0.0
-8.650000000000002,-5.45,0.0
-8.550000000000002,-5.45,0.0
-8.450000000000003,-5.45,0.0
-8.350000000000003,-5.45,0.0
-8.250000000000004,-5.45,0.0
-8.150000000000004,-5.45,0.0
-8.050000000000004,-5.45,0.0
-7.950000000000005,-5.45,0.0
-7.850000000000005,-5.45,0.0
-7.750000000000005,-5.45,0.0
-7.650000000000006,-5.45,0.0
-7.550000000000006,-5.45,0.0
-7.450000000000006,-5.45,0.0
-7.350000000000007,-5.45,0.0
-7.250000000000007,-5.45,0.0
-7.1500000000000075,-5.45,0.0
-7.050000000000008,-5.45,0.0
-6.950000000000008,-5.45,0.0
-6.8500000000000085,-5.45,0.0
-6.750000000000009,-5.45,0.0
-6.650000000000009,-5.45,0.0
-6.55000000000001,-5.45,0.0
-6.45000000000001,-5.45,0.0
-6.35000000000001,-5.45,0.0
-6.250000000000011,-5.45,0.0
-6.150000000000011,-5.45,0.0
-6.050000000000011,-5.45,0.0
-5.950000000000012,-5.45,0.0
-5.850000000000012,-5.45,0.0
-5.750000000000012,-5.45,0.0
-5.650000000000013,-5.45,0.0
-5.550000000000013,-5.45,0.0
-5.4500000000000135,-5.45,0.0
-5.350000000000014,-5.45,0.0
-5.250000000000014,-5.45,0.0
-5.150000000000015,-5.45,0.0
-5.050000000000015,-5.45,0.0
-4.950000000000015,-5.45,0.0
-4.850000000000016,-5.45,0.0
-4.750000000000016,-5.45,0.0
-4.650000000000016,-5.45,0.0
-4.550000000000017,-5.45,0.0
-4.450000000000017,-5.45,0.0
-4.350000000000017,-5.45,0.0
-4.250000000000018,-5.45,0.0
-4.150000000000018,-5.45,0.0
-4.0500000000000185,-5.45,0.0
-3.9500000000000184,-5.45,0.0
-3.8500000000000183,-5.45,0.0
-3.750000000000018,-5.45,0.0
-3.650000000000018,-5.45,0.0
-3.550000000000018,-5.45,0.0
-3.450000000000018,-5.45,0.0
-3.350000000000018,-5.45,0.0
-3.2500000000000178,-5.45,0.0
-3.1500000000000177,-5.45,0.0
-3.0500000000000176,-5.45,0.0
-2.9500000000000175,-5.45,0.0
-2.8500000000000174,-5.45,0.0
-2.7500000000000173,-5.45,0.0
-2.6500000000000172,-5.45,0.0
-2.550000000000017,-5.45,0.0
-2.450000000000017,-5.45,0.0
-2.350000000000017,-5.45,0.0
-2.250000000000017,-5.45,0.0
-2.150000000000017,-5.45,0.0
-2.0500000000000167,-5.45,0.0
-1.9500000000000166,-5.45,0.0
-1.8500000000000165,-5.45,0.0
-1.7500000000000164,-5.45,0.0
-1.6500000000000163,-5.45,0.0
-1.5500000000000163,-5.45,0.0
-1.4500000000000162,-5.45,0.0
-1.350000000000016,-5.45,0.0
-1.250000000000016,-5.45,0.0
-1.150000000000016,-5.45,0.0
-1.0500000000000158,-5.45,0.0
-0.9500000000000158,-5.45,0.0
-0.8500000000000159,-5.45,0.0
-0.7500000000000159,-5.45,0.0
-0.6500000000000159,-5.45,0.0
-0.5500000000000159,-5.45,0.0
-0.45000000000001594,-5.45,0.0
-0.35000000000001597,-5.45,0.0
-0.250000000000016,-5.45,0.0
-0.15000000000001598,-5.45,0.0
-0.050000000000015976,-5.45,0.0
0.04999999999998403,-5.45,0.0
0.14999999999998403,-5.45,0.0
0.24999999999998404,-5.45,0.0
0.34999999999998405,-5.45,0.0
0.4499999999999841,-5.45,0.0
0.5499999999999841,-5.45,0.0
0.649999999999984,-5.45,0.0
0.749999999999984,-5.45,0.0
0.849999999999984,-5.45,0.0
0.949999999999984,-5.45,0.0
1.049999999999984,-5.45,0.0
1.1499999999999841,-5.45,0.0
1.2499999999999842,-5.45,0.0
1.3499999999999843,-5.45,0.0
1.4499999999999844,-5.45,0.0
1.5499999999999845,-5.45,0.0
1.6499999999999846,-5.45,0.0
1.7499999999999847,-5.45,0.0
1.8499999999999848,-5.45,0.0
1.9499999999999849,-5.45,0.0
2.0499999999999847,-5.45,0.0
2.149999999999985,-5.45,0.0
2.249999999999985,-5.45,0.0
2.349999999999985,-5.45,0.0
2.449999999999985,-5.45,0.0
2.549999999999985,-5.45,0.0
2.6499999999999853,-5.45,0.0
2.7499999999999853,-5.45,0.0
2.8499999999999854,-5.45,0.0
2.9499999999999855,-5.45,0.0
3.0499999999999856,-5.45,0.0
3.1499999999999857,-5.45,0.0
3.249999999999986,-5.45,0.0
3.349999999999986,-5.45,0.0
3.449999999999986,-5.45,0.0
3.549999999999986,-5.45,0.0
3.649999999999986,-5.45,0.0
3.7499999999999862,-5.45,0.0
3.8499999999999863,-5.45,0.0
3.9499999999999864,-5.45,0.0
4.0499999999999865,-5.45,0.0
4.149999999999986,-5.45,0.0
4.249999999999986,-5.45,0.0
4.349999999999985,-5.45,0.0
4.449999999999985,-5.45,0.0
4.549999999999985,-5.45,0.0
4.649999999999984,-5.45,0.0
4.749999999999984,-5.45,0.0
4.849999999999984,-5.45,0.0
4.949999999999983,-5.45,0.0
5.049999999999983,-5.45,0.0
5.149999999999983,-5.45,0.0
5.249999999999982,-5.45,0.0
5.349999999999982,-5.45,0.0
5.4499999999999815,-5.45,0.0
5.549999999999981,-5.45,0.0
5.649999999999981,-5.45,0.0
5.7499999999999805,-5.45,0.0
5.84999999999998,-5.45,0.0
5.94999999999998,-5.45,0.0
6.049999999999979,-5.45,0.0
6.149999999999979,-5.45,0.0
6.249999999999979,-5.45,0.0
6.349999999999978,-5.45,0.0
6.449999999999978,-5.45,0.0
6.549999999999978,-5.45,0.0
6.649999999999977,-5.45,0.0
6.749999999999977,-5.45,0.0
6.8499999999999766,-5.45,0.0
6.949999999999976,-5.45,0.0
7.049999999999976,-5.45,0.0
7.1499999999999755,-5.45,0.0
7.249999999999975,-5.45,0.0
7.349999999999975,-5.45,0.0
7.449999999999974,-5.45,0.0
7.549999999999974,-5.45,0.0
7.649999999999974,-5.45,0.0
7.749999999999973,-5.45,0.0
7.849999999999973,-5.45,0.0
7.949999999999973,-5.45,0.0
8.049999999999972,-5.45,0.0
8.149999999999972,-5.45,0.0
8.249999999999972,-5.45,0.0
8.349999999999971,-5.45,0.0
8.44999999999997,-5.45,0.0
8.54999999999997,-5.45,0.0
8.64999999999997,-5.45,0.0
8.74999999999997,-5.45,0.0
8.84999999999997,-5.45,0.0
8.949999999999969,-5.45,0.0
9.049999999999969,-5.45,0.0
9.149999999999968,-5.45,0.0
9.149999999999968,-5.45,0.1570796326794897
9.149999999999968,-5.45,0.3141592653589794
9.149999999999968,-5.45,0.4398229715025711
9.149999999999968,-5.45,0.5654866776461629
9.149999999999968,-5.45,0.6911503837897547
9.149999999999968,-5.45,0.7791149780902688
9.149999999999968,-5.45,0.8670795723907828
9.149999999999968,-5.45,0.9374512478311944
9.149999999999968,-5.45,1.007822923271606
9.149999999999968,-5.45,1.064120263623935
9.149999999999968,-5.45,1.114787869941031
9.149999999999968,-5.45,1.1603887156264172
9.149999999999968,-5.45,1.2014294767432654
9.149999999999968,-5.45,1.2383661617484285
9.149999999999968,-5.45,1.2716091782530754
9.149999999999968,-5.45,1.3015278931072576
9.149999999999968,-5.45,1.3284547364760213
9.149999999999968,-5.45,1.3553815798447855
9.149999999999968,-5.45,1.3769230545397966
9.149999999999968,-5.45,1.3963103817653069
9.149999999999968,-5.45,1.4156977089908167
9.149999999999968,-5.45,1.4350850362163268
9.149999999999968,-5.45,1.448656165274184
9.149999999999968,-5.45,1.460870181426255
9.149999999999968,-5.45,1.4718627959631192
9.149999999999968,-5.45,1.481756149046297
9.149999999999968,-5.45,1.490660166821157
9.149999999999968,-5.45,1.498673782818531
9.149999999999968,-5.45,1.5058860372161678
9.149999999999968,-5.45,1.5123770661740403
9.149999999999968,-5.45,1.518868095131913
9.149999999999968,-5.45,1.525359124089786
9.149999999999968,-5.45,1.5299028443602969
9.149999999999968,-5.45,1.5344465646308079
9.149999999999968,-5.45,1.5385359128742677
9.149999999999968,-5.45,1.5417619542663312
9.149999999999968,-5.45,1.5449879956583934
9.149999999999968,-5.45,1.5478914329112496
9.149999999999968,-5.45,1.5507948701641063
9.149999999999968,-5.45,1.553698307416963
9.149999999999968,-5.45,1.5559887968053279
9.149999999999968,-5.45,1.5582792861936923
9.149999999999968,-5.45,1.5605697755820571
9.149999999999968,-5.45,1.5628602649704217
9.149999999999968,-5.45,1.565150754358786
9.149999999999968,-5.45,1.5661734094800701
9.149999999999968,-5.45,1.5666357012115528
9.149999999999968,-5.45,1.5670517637698869
9.149999999999968,-5.45,1.5674262200723879
9.149999999999968,-5.45,1.5677632307446387
9.149999999999968,-5.45,1.568066540349665
9.149999999999968,-5.45,1.568339518994188
9.149999999999968,-5.45,1.5686124976387115
9.149999999999968,-5.45,1.568858178418782
9.149999999999968,-5.45,1.5690519932563938
9.149999999999968,-5.45,1.5692264266102438
9.149999999999968,-5.45,1.5694008599640938
9.149999999999968,-5.45,1.569575293317944
9.149999999999968,-5.45,1.5697497266717941
9.149999999999968,-5.45,1.5698543866841053
9.150047096998543,-5.400000022181278,1.5698543866841053
9.150094193997118,-5.350000044362555,1.5698543866841053
9.150131871595978,-5.310000062107577,1.5698543866841053
9.150169549194837,-5.2700000798526,1.5698543866841053
9.150199691273926,-5.238000094048617,1.5698543866841053
9.150229833353015,-5.206000108244635,1.5698543866841053
9.150253947016285,-5.180400119601449,1.5698543866841053
9.150278060679556,-5.154800130958264,1.5698543866841053
9.150299762976498,-5.131760141179396,1.5698543866841053
9.150321465273441,-5.1087201514005285,1.5698543866841053
9.150336415744668,-5.092848158441753,1.5698543866841053
9.150351366215896,-5.076976165482978,1.5698543866841053
9.150363326592878,-5.064278571115958,1.5698543866841053
9.15037528696986,-5.051580976748938,1.5698543866841053
9.150384855271446,-5.041422901255322,1.5698543866841053
9.150394423573031,-5.031264825761705,1.5698543866841053
9.1504020782143,-5.023138365366813,1.5698543866841053
9.15040973285557,-5.01501190497192,1.5698543866841053
9.150415856568584,-5.008510736656006,1.5698543866841053
9.150421980281598,-5.002009568340092,1.5698543866841053
9.15042687925201,-4.99680863368736,1.5698543866841053
9.150431778222421,-4.9916076990346285,1.5698543866841053
9.150436187295792,-4.986926857847171,1.5698543866841053
9.150440596369164,-4.982246016659713,1.5698543866841053
9.150443633730818,-4.979021437175019,1.5698543866841053
9.150446671092473,-4.975796857690326,1.5698543866841053
9.150449404717962,-4.972894736154101,1.5698543866841053
9.150452138343452,-4.969992614617877,1.5698543866841053
9.150454021507677,-4.967993375337367,1.5698543866841053
9.150455904671903,-4.965994136056858,1.5698543866841053
9.150457411203284,-4.9643947446324495,1.5698543866841053
9.150458917734666,-4.962795353208041,1.5698543866841053
9.150460122959771,-4.961515840068515,1.5698543866841053
9.150461328184877,-4.960236326928988,1.5698543866841053
9.15046229236496,-4.959212716417367,1.5698543866841053
9.150463256545043,-4.958189105905746,1.5698543866841053
9.150464198485015,-4.957189106349372,1.5698543866841053
9.150465140424986,-4.956189106792997,1.5698543866841053
9.150466082364957,-4.955189107236622,1.5698543866841053
9.150467024304929,-4.954189107680247,1.5698543866841053
9.150467024304929,-4.954189107680247,1.7269340193635943
9.150467024304929,-4.954189107680247,1.8683056887751353
9.150467024304929,-4.954189107680247,2.0096773581866763
9.150467024304929,-4.954189107680247,2.1227746937159084
9.150467024304929,-4.954189107680247,2.2245622956922184
9.150467024304929,-4.954189107680247,2.316171137470896
9.150467024304929,-4.954189107680247,2.3986190950717066
9.150467024304929,-4.954189107680247,2.481067052672517
9.150467024304929,-4.954189107680247,2.5470254187531656
9.150467024304929,-4.954189107680247,2.6063879482257493
9.150467024304929,-4.954189107680247,2.6598142247510745
9.150467024304929,-4.954189107680247,2.7078978736238675
9.150467024304929,-4.954189107680247,2.7511731576093807
9.150467024304929,-4.954189107680247,2.790120913196343
9.150467024304929,-4.954189107680247,2.825173893224609
9.150467024304929,-4.954189107680247,2.8567215752500483
9.150467024304929,-4.954189107680247,2.8851144890729437
9.150467024304929,-4.954189107680247,2.9106681115135493
9.150467024304929,-4.954189107680247,2.9336663717100944
9.150467024304929,-4.954189107680247,2.954364805886985
9.150467024304929,-4.954189107680247,2.972993396646187
9.150467024304929,-4.954189107680247,2.989759128329468
9.150467024304929,-4.954189107680247,3.0048482868444215
9.150467024304929,-4.954189107680247,3.0184285295078794
9.150467024304929,-4.954189107680247,3.0320087721713374
9.150467024304929,-4.954189107680247,3.0442309905684497
9.150467024304929,-4.954189107680247,3.0538729628595047
9.150467024304929,-4.954189107680247,3.0635149351505597
9.150467024304929,-4.954189107680247,3.071228512983404
9.150467024304929,-4.954189107680247,3.0781707330329637
9.150467024304929,-4.954189107680247,3.0844187310775677
9.150467024304929,-4.954189107680247,3.090041929317711
9.150467024304929,-4.954189107680247,3.0956651275578544
9.150467024304929,-4.954189107680247,3.1012883257979977
9.150467024304929,-4.954189107680247,3.105224564566098
9.150467024304929,-4.954189107680247,3.1087671794573883
9.150467024304929,-4.954189107680247,3.11195553285955
9.150467024304929,-4.954189107680247,3.114825050921495
9.150467024304929,-4.954189107680247,3.117407617177246
9.150467024304929,-4.954189107680247,3.1197319268074213
9.150467024304929,-4.954189107680247,3.1218238054745795
9.150467024304929,-4.954189107680247,3.123706496275022
9.150467024304929,-4.954189107680247,3.1254009179954196
9.150467024304929,-4.954189107680247,3.126925897543778
9.150467024304929,-4.954189107680247,3.1282983791373002
9.150467024304929,-4.954189107680247,3.1295336125714703
9.150467024304929,-4.954189107680247,3.1307688460056404
9.150467024304929,-4.954189107680247,3.1317570327529767
9.150467024304929,-4.954189107680247,3.132646400825579
9.150467024304929,-4.954189107680247,3.1334468320909217
9.150467024304929,-4.954189107680247,3.134247263356264
9.150467024304929,-4.954189107680247,3.1348876083685377
9.150467024304929,-4.954189107680247,3.1355279533808114
9.150467024304929,-4.954189107680247,3.136168298393085
9.150467024304929,-4.954189107680247,3.1366165399016768
9.150467024304929,-4.954189107680247,3.1370647814102686
9.150467024304929,-4.954189107680247,3.137423374617142
9.150467024304929,-4.954189107680247,3.137746108503328
9.150467024304929,-4.954189107680247,3.1380365690008953
9.150467024304929,-4.954189107680247,3.138297983448706
9.150467024304929,-4.954189107680247,3.138559397896517
9.150467024304929,-4.954189107680247,3.1387685294547656
9.150467024304929,-4.954189107680247,3.1389567478571894
9.150467024304929,-4.954189107680247,3.1391261444193708
9.150467024304929,-4.954189107680247,3.139295540981552
9.150467024304929,-4.954189107680247,3.139431058231297
9.150467024304929,-4.954189107680247,3.1395530237560676
9.150467024304929,-4.954189107680247,3.139662792728361
9.050467210523019,-4.953996121713896,3.139662792728361
8.950467396741109,-4.9538031357475445,3.139662792728361
8.8504675829592,-4.953610149781193,3.139662792728361
8.75046776917729,-4.953417163814842,3.139662792728361
8.65046795539538,-4.95322417784849,3.139662792728361
8.55046814161347,-4.953031191882139,3.139662792728361
8.45046832783156,-4.952838205915787,3.139662792728361
8.35046851404965,-4.952645219949436,3.139662792728361
8.25046870026774,-4.9524522339830845,3.139662792728361
8.15046888648583,-4.952259248016733,3.139662792728361
8.05046907270392,-4.952066262050382,3.139662792728361
7.95046925892201,-4.95187327608403,3.139662792728361
7.850469445140099,-4.951680290117679,3.139662792728361
7.750469631358189,-4.951487304151327,3.139662792728361
7.750469631358189,-4.951487304151327,2.9825831600488715
7.750469631358189,-4.951487304151327,2.8412114906373307
7.750469631358189,-4.951487304151327,2.713976988166944
7.750469631358189,-4.951487304151327,2.5994659359435963
7.750469631358189,-4.951487304151327,2.496405988942583
7.750469631358189,-4.951487304151327,2.4036520366416707
7.750469631358189,-4.951487304151327,2.3201734795708506
7.750469631358189,-4.951487304151327,2.2366949225000297
7.750469631358189,-4.951487304151327,2.153216365429209
7.750469631358189,-4.951487304151327,2.0697378083583886
7.750469631358189,-4.951487304151327,1.9862592512875685
7.750469631358189,-4.951487304151327,1.9445199727521576
7.750469631358189,-4.951487304151327,1.9069546220702889
7.750469631358189,-4.951487304151327,1.8731458064566058
7.750469631358189,-4.951487304151327,1.842717872404292
7.750469631358189,-4.951487304151327,1.8153327317572094
7.750469631358189,-4.951487304151327,1.790686105174835
7.750469631358189,-4.951487304151327,1.7685041412506979
7.750469631358189,-4.951487304151327,1.7485403737189749
7.750469631358189,-4.951487304151327,1.7305729829404235
7.750469631358189,-4.951487304151327,1.714402331239728
7.750469631358189,-4.951487304151327,1.6998487447091015
7.750469631358189,-4.951487304151327,1.685295158178475
7.750469631358189,-4.951487304151327,1.673652288953974
7.750469631358189,-4.951487304151327,1.663173706651923
7.750469631358189,-4.951487304151327,1.6537429825800771
7.750469631358189,-4.951487304151327,1.6443122585082313
7.750469631358189,-4.951487304151327,1.6348815344363852
7.750469631358189,-4.951487304151327,1.627336955178909
7.750469631358189,-4.951487304151327,1.6197923759214323
7.750469631358189,-4.951487304151327,1.6122477966639555
7.750469631358189,-4.951487304151327,1.6047032174064788
7.750469631358189,-4.951487304151327,1.5971586381490022
7.750469631358189,-4.951487304151327,1.5943294209274486
7.750469631358189,-4.951487304151327,1.5915002037058947
7.750469631358189,-4.951487304151327,1.589236829928652
7.750469631358189,-4.951487304151327,1.5871997935291327
7.750469631358189,-4.951487304151327,1.5853664607695659
7.750469631358189,-4.951487304151327,1.583716461285956
7.750469631358189,-4.951487304151327,1.5822314617507067
7.750469631358189,-4.951487304151327,1.5808949621689827
7.750469631358189,-4.951487304151327,1.579558462587258
7.750469631358189,-4.951487304151327,1.578489262921879
7.750469631358189,-4.951487304151327,1.5775269832230376
7.750469631358189,-4.951487304151327,1.5766609314940805
7.750469631358189,-4.951487304151327,1.5758814849380187
7.750469631358189,-4.951487304151327,1.5751799830375632
7.750469631358189,-4.951487304151327,1.5745486313271535
7.750469631358189,-4.951487304151327,1.5739804147877847
7.750469631358189,-4.951487304151327,1.5734690199023527
7.750469631358189,-4.951487304151327,1.5730087645054638
7.750469631358189,-4.951487304151327,1.572594534648264
7.750469631358189,-4.951487304151327,1.5722217277767836
7.750469631358189,-4.951487304151327,1.5718862015924517
7.750469631358189,-4.951487304151327,1.5715842280265535
7.750469631358189,-4.951487304151327,1.571312451817244
7.750469631358189,-4.951487304151327,1.5710678532288667
7.750469631358189,-4.951487304151327,1.5708477144993263
7.750469631358189,-4.951487304151327,1.5706495896427404
7.750469631358189,-4.951487304151327,1.5704712772718126
7.750469631358189,-4.951487304151327,1.5702929649008852
7.750469631358189,-4.951487304151327,1.5701503150041436
7.750469631358189,-4.951487304151327,1.570007665107401
7.750469631358189,-4.951487304151327,1.569879280200333
7.750469631358189,-4.951487304151327,1.5697651602829394
7.750469631358189,-4.951487304151327,1.569663878856253
7.750526253743018,-4.901487336212282,1.569663878856253
7.750582876127848,-4.851487368273237,1.569663878856253
7.750633836274195,-4.806487397128096,1.569663878856253
7.7506847964205425,-4.761487425982955,1.569663878856253
7.750719902299137,-4.7304874458607475,1.569663878856253
7.750755008177731,-4.69948746573854,1.569663878856253
7.7507830928806065,-4.674687481640773,1.569663878856253
7.750811177583482,-4.6498874975430065,1.569663878856253
7.750833645345782,-4.630047510264793,1.569663878856253
7.750856113108083,-4.61020752298658,1.569663878856253
7.750874087317923,-4.59433553316401,1.569663878856253
7.750892061527764,-4.57846354334144,1.569663878856253
7.750906440895636,-4.5657659514833835,1.569663878856253
7.7509208202635085,-4.553068359625327,1.569663878856253
7.750932323757806,-4.542910286138882,1.569663878856253
7.750943827252104,-4.532752212652437,1.569663878856253
7.750953030047542,-4.5246257538632815,1.569663878856253
7.750961312563437,-4.517311940953041,1.569663878856253
7.750969595079331,-4.509998128042801,1.569663878856253
7.7509762210920465,-4.504147077714609,1.569663878856253
7.750982847104762,-4.4982960273864165,1.569663878856253
7.750988147914934,-4.493615187123862,1.569663878856253
7.750993448725106,-4.488934346861308,1.569663878856253
7.750997689373244,-4.485189674651265,1.569663878856253
7.751001930021381,-4.481445002441221,1.569663878856253
7.751005322539892,-4.478449264673187,1.569663878856253
7.751008715058402,-4.475453526905152,1.569663878856253
7.751011429073211,-4.473056936690725,1.569663878856253
7.751014143088019,-4.470660346476297,1.569663878856253
7.751016314299866,-4.468743074304755,1.569663878856253
7.751018485511713,-4.466825802133213,1.569663878856253
7.75102022248119,-4.4652919843959795,1.569663878856253
7.751021959450668,-4.463758166658746,1.569663878856253
7.75102334902625,-4.462531112468959,1.569663878856253
7.751024738601831,-4.461304058279172,1.569663878856253
7.751025871049528,-4.460304058920391,1.569663878856253
7.751027003497224,-4.45930405956161,1.569663878856253
7.751028135944921,-4.458304060202829,1.569663878856253
7.751029268392617,-4.457304060844049,1.569663878856253
7.751030400840314,-4.456304061485268,1.569663878856253
7.751030400840314,-4.456304061485268,1.726743511535743
7.751030400840314,-4.456304061485268,1.8838231442152327
7.751030400840314,-4.456304061485268,2.0409027768947214
7.751030400840314,-4.456304061485268,2.1979824095742115
7.751030400840314,-4.456304061485268,2.355062042253701
7.751030400840314,-4.456304061485268,2.512141674933191
7.751030400840314,-4.456304061485268,2.6692213076126805
7.751030400840314,-4.456304061485268,2.82630094029217
7.751030400840314,-4.456304061485268,2.98338057297166
7.751030400840314,-4.456304061485268,3.1404602056511495
7.751030400840314,-4.456304061485268,-2.985645468848947
7.751030400840314,-4.456304061485268,-2.8285658361694574
7.751030400840314,-4.456304061485268,-2.671486203489968
7.751030400840314,-4.456304061485268,-2.514406570810478
7.751030400840314,-4.456304061485268,-2.3573269381309885
7.751030400840314,-4.456304061485268,-2.200247305451499
7.751030400840314,-4.456304061485268,-2.043167672772009
7.751030400840314,-4.456304061485268,-1.8860880400925202
7.751030400840314,-4.456304061485268,-1.72900840741303
7.751030400840314,-4.456304061485268,-1.57192877473354
7.751030400840314,-4.456304061485268,-1.4148491420540503
7.751030400840314,-4.456304061485268,-1.27347747264251
7.751030400840314,-4.456304061485268,-1.146242970172123
7.751030400840314,-4.456304061485268,-1.0317319179487754
7.751030400840314,-4.456304061485268,-0.9286719709477622
7.751030400840314,-4.456304061485268,-0.8256120239467488
7.751030400840314,-4.456304061485268,-0.7431640663459385
7.751030400840314,-4.456304061485268,-0.6689609045052088
7.751030400840314,-4.456304061485268,-0.6021780588485522
7.751030400840314,-4.456304061485268,-0.5420734977575613
7.751030400840314,-4.456304061485268,-0.4819689366665705
7.751030400840314,-4.456304061485268,-0.4218643755755793
7.751030400840314,-4.456304061485268,-0.36175981448458844
7.751030400840314,-4.456304061485268,-0.3016552533935975
7.751030400840314,-4.456304061485268,-0.271602972848102
7.751030400840314,-4.456304061485268,-0.24455592035715615
7.751030400840314,-4.456304061485268,-0.22021357311530482
7.751030400840314,-4.456304061485268,-0.19587122587345354
7.751030400840314,-4.456304061485268,-0.17639734807997248
7.751030400840314,-4.456304061485268,-0.1588708580658395
7.751030400840314,-4.456304061485268,-0.14309701705311978
7.751030400840314,-4.456304061485268,-0.12890056014167214
7.751030400840314,-4.456304061485268,-0.11612374892136929
7.751030400840314,-4.456304061485268,-0.10462461882309662
7.751030400840314,-4.456304061485268,-0.09312548872482398
7.751030400840314,-4.456304061485268,-0.08277627163637864
7.751030400840314,-4.456304061485268,-0.0746118892666051
7.751030400840314,-4.456304061485268,-0.06726394513380887
7.751030400840314,-4.456304061485268,-0.06065079541429228
7.751030400840314,-4.456304061485268,-0.054698960666727414
7.751030400840314,-4.456304061485268,-0.04934230939391893
7.751030400840314,-4.456304061485268,-0.044521323248391316
7.751030400840314,-4.456304061485268,-0.04018243571741652
7.751030400840314,-4.456304061485268,-0.035843548186441705
7.751030400840314,-4.456304061485268,-0.03193854940856435
7.751030400840314,-4.456304061485268,-0.02803355063068699
7.751030400840314,-4.456304061485268,-0.024952940483694896
7.751030400840314,-4.456304061485268,-0.0218723303367028
7.751030400840314,-4.456304061485268,-0.018791720189710717
7.751030400840314,-4.456304061485268,-0.017025792964603916
7.751030400840314,-4.456304061485268,-0.015436458462007824
7.751030400840314,-4.456304061485268,-0.014006057409671329
7.751030400840314,-4.456304061485268,-0.012718696462568456
7.751030400840314,-4.456304061485268,-0.011560071610175872
7.751030400840314,-4.456304061485268,-0.010517309243022552
7.751030400840314,-4.456304061485268,-0.009578823112584612
7.751030400840314,-4.456304061485268,-0.008640336982146675
7.751030400840314,-4.456304061485268,-0.007889548077796342
7.751030400840314,-4.456304061485268,-0.007213838063880976
7.751030400840314,-4.456304061485268,-0.006605699051357133
7.751030400840314,-4.456304061485268,-0.006058373940085709
7.751030400840314,-4.456304061485268,-0.005565781339941471
7.751030400840314,-4.456304061485268,-0.005122447999811593
7.751030400840314,-4.456304061485268,-0.004679114659681708
7.751030400840314,-4.456304061485268,-0.00428011465356483
7.751030400840314,-4.456304061485268,-0.003965347982072692
7.751030400840314,-4.456304061485268,-0.003682057977729729
7.751030400840314,-4.456304061485268,-0.0034270969738211025
7.751030400840314,-4.456304061485268,-0.003197632070303288
7.751030400840314,-4.456304061485268,-0.002968167166785474
7.751030400840314,-4.456304061485268,-0.002761648753619482
7.751030400840314,-4.456304061485268,-0.0025987286721218202
7.751030400840314,-4.456304061485268,-0.0024521005987739146
7.751030400840314,-4.456304061485268,-0.00232013533276083
7.751030400840314,-4.456304061485268,-0.0022013665933490432
7.751030400840314,-4.456304061485268,-0.0020944747278784557
7.8510301814991745,-4.456513508804921,-0.0020944747278784557
7.951029962158035,-4.456722956124574,-0.0020944747278784557
8.051029742816896,-4.4569324034442275,-0.0020944747278784557
8.151029523475756,-4.457141850763881,-0.0020944747278784557
8.251029304134617,-4.457351298083534,-0.0020944747278784557
8.351029084793478,-4.457560745403187,-0.0020944747278784557
8.451028865452338,-4.45777019272284,-0.0020944747278784557
8.551028646111199,-4.457979640042494,-0.0020944747278784557
8.65102842677006,-4.458189087362147,-0.0020944747278784557
8.75102820742892,-4.4583985346818,-0.0020944747278784557
8.85102798808778,-4.458607982001453,-0.0020944747278784557
8.951027768746641,-4.4588174293211065,-0.0020944747278784557
9.051027549405502,-4.45902687664076,-0.0020944747278784557
9.051027549405502,-4.45902687664076,-0.15917410740736818
9.051027549405502,-4.45902687664076,-0.3162537400868577
9.051027549405502,-4.45902687664076,-0.4733333727663476
9.051027549405502,-4.45902687664076,-0.6304130054458372
9.051027549405502,-4.45902687664076,-0.7874926381253272
9.051027549405502,-4.45902687664076,-0.9445722708048164
9.051027549405502,-4.45902687664076,-1.1016519034843062
9.051027549405502,-4.45902687664076,-1.2587315361637958
9.051027549405502,-4.45902687664076,-1.4158111688432853
9.051027549405502,-4.45902687664076,-1.572890801522775
9.051027549405502,-4.45902687664076,-1.7299704342022653
9.051027549405502,-4.45902687664076,-1.8870500668817547
9.051027549405502,-4.45902687664076,-2.044129699561244
9.051027549405502,-4.45902687664076,-2.201209332240734
9.051027549405502,-4.45902687664076,-2.358288964920223
9.051027549405502,-4.45902687664076,-2.515368597599713
9.051027549405502,-4.45902687664076,-2.6724482302792025
9.051027549405502,-4.45902687664076,-2.829527862958692
9.051027549405502,-4.45902687664076,-2.986607495638182
9.051027549405502,-4.45902687664076,3.1394981788619147
9.051027549405502,-4.45902687664076,2.982418546182425
9.051027549405502,-4.45902687664076,2.8410468767708843
9.051027549405502,-4.45902687664076,2.7138123743004976
9.051027549405502,-4.45902687664076,2.5993013220771495
9.051027549405502,-4.45902687664076,2.4962413750761363
9.051027549405502,-4.45902687664076,2.393181428075123
9.051027549405502,-4.45902687664076,2.310733470474313
9.051027549405502,-4.45902687664076,2.2365303086335833
9.051027549405502,-4.45902687664076,2.169747462976927
9.051027549405502,-4.45902687664076,2.1096429018859357
9.051027549405502,-4.45902687664076,2.055548796904045
9.051027549405502,-4.45902687664076,2.0068641024203413
9.051027549405502,-4.45902687664076,1.963047877385009
9.051027549405502,-4.45902687664076,1.92361327485321
9.051027549405502,-4.45902687664076,1.8881221325745907
9.051027549405502,-4.45902687664076,1.8561801045238338
9.051027549405502,-4.45902687664076,1.8242380764730763
9.051027549405502,-4.45902687664076,1.792296048422319
9.051027549405502,-4.45902687664076,1.7603540203715622
9.051027549405502,-4.45902687664076,1.728411992320805
9.051027549405502,-4.45902687664076,1.6964699642700476
9.051027549405502,-4.45902687664076,1.6645279362192906
9.051027549405502,-4.45902687664076,1.6549453278040631
9.051027549405502,-4.45902687664076,1.646320980230359
9.051027549405502,-4.45902687664076,1.6385590674140245
9.051027549405502,-4.45902687664076,1.6315733458793242
9.051027549405502,-4.45902687664076,1.6252861964980936
9.051027549405502,-4.45902687664076,1.619627762054986
9.051027549405502,-4.45902687664076,1.6139693276118774
9.051027549405502,-4.45902687664076,1.6094425800573922
9.051027549405502,-4.45902687664076,1.6053685072583548
9.051027549405502,-4.45902687664076,1.6017018417392215
9.051027549405502,-4.45902687664076,1.5984018427720008
9.051027549405502,-4.45902687664076,1.5954318437015027
9.051027549405502,-4.45902687664076,1.5927588445380538
9.051027549405502,-4.45902687664076,1.590085845374605
9.051027549405502,-4.45902687664076,1.587412846211157
9.051027549405502,-4.45902687664076,1.584739847047708
9.051027549405502,-4.45902687664076,1.5820668478842599
9.051027549405502,-4.45902687664076,1.580730348302536
9.051027549405502,-4.45902687664076,1.579527498678984
9.051027549405502,-4.45902687664076,1.5784449340177873
9.051027549405502,-4.45902687664076,1.5774706258227105
9.051027549405502,-4.45902687664076,1.5765937484471408
9.051027549405502,-4.45902687664076,1.5758045588091285
9.051027549405502,-4.45902687664076,1.5750942881349177
9.051027549405502,-4.45902687664076,1.574455044528128
9.051027549405502,-4.45902687664076,1.5738797252820165
9.051027549405502,-4.45902687664076,1.5733619379605168
9.051027549405502,-4.45902687664076,1.5728959293711666
9.051027549405502,-4.45902687664076,1.5724765216407515
9.051027549405502,-4.45902687664076,1.5720990546833788
9.051027549405502,-4.45902687664076,1.5717593344217426
9.051027549405502,-4.45902687664076,1.5714535861862702
9.051027549405502,-4.45902687664076,1.5711478379507977
9.051027549405502,-4.45902687664076,1.5708420897153252
9.051027549405502,-4.45902687664076,1.5706280659504948
9.051027549405502,-4.45902687664076,1.5704354445621465
9.051027549405502,-4.45902687664076,1.5702428231737995
9.051027549405502,-4.45902687664076,1.570088726063121
9.051027549405502,-4.45902687664076,1.5699500386635115
9.051027549405502,-4.45902687664076,1.5698252200038616
9.051027549405502,-4.45902687664076,1.5697128832101772
9.051027549405502,-4.45902687664076,1.5696117800958607
9.051086776726603,-4.409026911719527,1.5696117800958607
9.051146004047704,-4.359026946798295,1.5696117800958607
9.051193385904584,-4.319026974861309,1.5696117800958607
9.051240767761465,-4.279027002924323,1.5696117800958607
9.05127867324697,-4.247027025374734,1.5696117800958607
9.051316578732473,-4.215027047825146,1.5696117800958607
9.051346903120876,-4.189427065785475,1.5696117800958607
9.05137722750928,-4.1638270837458045,1.5696117800958607
9.051401487020003,-4.143347098114068,1.5696117800958607
9.051425746530727,-4.122867112482332,1.5696117800958607
9.051445154139305,-4.106483123976943,1.5696117800958607
9.051464561747883,-4.090099135471554,1.5696117800958607
9.051480087834745,-4.076991944667243,1.5696117800958607
9.051495613921608,-4.063884753862931,1.5696117800958607
9.051508034791098,-4.053399001219482,1.5696117800958607
9.051520455660588,-4.042913248576033,1.5696117800958607
9.051530392356181,-4.034524646461274,1.5696117800958607
9.051540329051774,-4.026136044346515,1.5696117800958607
9.051548278408248,-4.0194251626547075,1.5696117800958607
9.051556227764722,-4.0127142809629,1.5696117800958607
9.0515625872499,-4.007345575609454,1.5696117800958607
9.05156894673508,-4.001976870256009,1.5696117800958607
9.051574034323222,-3.9976819059732516,1.5696117800958607
9.051579121911365,-3.9933869416904946,1.5696117800958607
9.05158319198188,-3.9899509702642892,1.5696117800958607
9.051587262052395,-3.986514998838084,1.5696117800958607
9.051590518108807,-3.9837662216971195,1.5696117800958607
9.051593774165218,-3.981017444556155,1.5696117800958607
9.051596704615989,-3.978543545129287,1.5696117800958607
9.051599309461118,-3.9763445234165156,1.5696117800958607
9.051601914306246,-3.974145501703744,1.5696117800958607
9.051603965621785,-3.9724137721049364,1.5696117800958607
9.051606016937324,-3.970682042506129,1.5696117800958607
9.051607397505242,-3.96951656099836,1.5696117800958607
9.05160877807316,-3.9683510794905907,1.5696117800958607
9.051609962619581,-3.967351080192166,1.5696117800958607
9.051611147166003,-3.9663510808937414,1.5696117800958607
9.051612331712425,-3.965351081595317,1.5696117800958607
9.051613516258847,-3.964351082296892,1.5696117800958607
9.051614700805269,-3.9633510829984675,1.5696117800958607
9.05161588535169,-3.962351083700043,1.5696117800958607
9.05161588535169,-3.962351083700043,1.7266914127753499
9.05161588535169,-3.962351083700043,1.8680630821868922
9.05161588535169,-3.962351083700043,1.995297584657278
9.05161588535169,-3.962351083700043,2.109808636880626
9.05161588535169,-3.962351083700043,2.224319689103974
9.05161588535169,-3.962351083700043,2.3159285308826525
9.05161588535169,-3.962351083700043,2.3983764884834624
9.05161588535169,-3.962351083700043,2.4808244460842728
9.05161588535169,-3.962351083700043,2.5632724036850836
9.05161588535169,-3.962351083700043,2.6209859740056505
9.05161588535169,-3.962351083700043,2.6729281872941613
9.05161588535169,-3.962351083700043,2.719676179253821
9.05161588535169,-3.962351083700043,2.7617493720175146
9.05161588535169,-3.962351083700043,2.799615245504839
9.05161588535169,-3.962351083700043,2.837481118992163
9.05161588535169,-3.962351083700043,2.8753469924794874
9.05161588535169,-3.962351083700043,2.9018531039206144
9.05161588535169,-3.962351083700043,2.9257086042176286
9.05161588535169,-3.962351083700043,2.9471785544849416
9.05161588535169,-3.962351083700043,2.966501509725523
9.05161588535169,-3.962351083700043,2.9858244649661048
9.05161588535169,-3.962351083700043,3.00128282915857
9.05161588535169,-3.962351083700043,3.015195356931789
9.05161588535169,-3.962351083700043,3.0291078847050077
9.05161588535169,-3.962351083700043,3.0402379069235828
9.05161588535169,-3.962351083700043,3.0502549269203003
9.05161588535169,-3.962351083700043,3.059270244917346
9.05161588535169,-3.962351083700043,3.0673840311146874
9.05161588535169,-3.962351083700043,3.0754978173120286
9.05161588535169,-3.962351083700043,3.0819888462699017
9.05161588535169,-3.962351083700043,3.087830772331987
9.05161588535169,-3.962351083700043,3.0930885057878643
9.05161588535169,-3.962351083700043,3.0978204658981534
9.05161588535169,-3.962351083700043,3.102079229997414
9.05161588535169,-3.962351083700043,3.1059121176867484
9.05161588535169,-3.962351083700043,3.109745005376083
9.05161588535169,-3.962351083700043,3.1135778930654174
9.05161588535169,-3.962351083700043,3.117410780754752
9.05161588535169,-3.962351083700043,3.1197105133683527
9.05161588535169,-3.962351083700043,3.121780272720593
9.05161588535169,-3.962351083700043,3.1238500320728333
9.05161588535169,-3.962351083700043,3.1259197914250736
9.05161588535169,-3.962351083700043,3.127575598906866
9.05161588535169,-3.962351083700043,3.128858849705255
9.05161588535169,-3.962351083700043,3.1301421005036443
9.05161588535169,-3.962351083700043,3.1312970262221946
9.05161588535169,-3.962351083700043,3.132323626860906
9.05161588535169,-3.962351083700043,3.133132074863891
9.05161588535169,-3.962351083700043,3.1338596780665777
9.05161588535169,-3.962351083700043,3.1345145209489957
9.05161588535169,-3.962351083700043,3.1351693638314138
9.05161588535169,-3.962351083700043,3.13575872242559
9.05161588535169,-3.962351083700043,3.1362236608721066
9.05161588535169,-3.962351083700043,3.1366421054739715
9.05161588535169,-3.962351083700043,3.13701870561565
9.05161588535169,-3.962351083700043,3.137357645743161
9.05161588535169,-3.962351083700043,3.1376965858706716
9.05161588535169,-3.962351083700043,3.13796773797268
9.05161588535169,-3.962351083700043,3.1382117748644878
9.05161588535169,-3.962351083700043,3.1384314080671145
9.05161588535169,-3.962351083700043,3.1386510412697413
9.05161588535169,-3.962351083700043,3.138826747831843
9.05161588535169,-3.962351083700043,3.1389848837377343
9.05161588535169,-3.962351083700043,3.1391272060530366
9.05161588535169,-3.962351083700043,3.1392552961368088
9.05161588535169,-3.962351083700043,3.139383386220581
9.05161588535169,-3.962351083700043,3.1394858582875984
8.95161610728093,-3.9621404043256767,3.1394858582875984
8.85161632921017,-3.9619297249513106,3.1394858582875984
8.75161655113941,-3.9617190455769444,3.1394858582875984
8.65161677306865,-3.9615083662025783,3.1394858582875984
8.55161699499789,-3.961297686828212,3.1394858582875984
8.45161721692713,-3.961087007453846,3.1394858582875984
8.351617438856369,-3.96087632807948,3.1394858582875984
8.251617660785609,-3.9606656487051137,3.1394858582875984
8.151617882714849,-3.9604549693307476,3.1394858582875984
8.051618104644088,-3.9602442899563814,3.1394858582875984
7.951618326573328,-3.9600336105820153,3.1394858582875984
7.951618326573328,-3.9600336105820153,2.9824062256081088
7.951618326573328,-3.9600336105820153,2.825326592928619
7.951618326573328,-3.9600336105820153,2.6682469602491294
7.951618326573328,-3.9600336105820153,2.558291217373487
7.951618326573328,-3.9600336105820153,2.4593310487854083
7.951618326573328,-3.9600336105820153,2.370266897056138
7.951618326573328,-3.9600336105820153,2.290109160499794
7.951618326573328,-3.9600336105820153,2.217967197599085
7.951618326573328,-3.9600336105820153,2.1530394309884464
7.951618326573328,-3.9600336105820153,2.094604441038872
7.951618326573328,-3.9600336105820153,2.0361694510892976
7.951618326573328,-3.9600336105820153,1.9894214591296386
7.951618326573328,-3.9600336105820153,1.9473482663659447
7.951618326573328,-3.9600336105820153,1.9094823928786202
7.951618326573328,-3.9600336105820153,1.8716165193912961
7.951618326573328,-3.9600336105820153,1.8413238206014366
7.951618326573328,-3.9600336105820153,1.814060391690563
7.951618326573328,-3.9600336105820153,1.7895233056707767
7.951618326573328,-3.9600336105820153,1.767439928252969
7.951618326573328,-3.9600336105820153,1.7475648885769424
7.951618326573328,-3.9600336105820153,1.729677352868518
7.951618326573328,-3.9600336105820153,1.711789817160094
7.951618326573328,-3.9600336105820153,1.697479788593355
7.951618326573328,-3.9600336105820153,1.6846007628832895
7.951618326573328,-3.9600336105820153,1.6730096397442304
7.951618326573328,-3.9600336105820153,1.6625776289190781
7.951618326573328,-3.9600336105820153,1.6531888191764403
7.951618326573328,-3.9600336105820153,1.643800009433803
7.951618326573328,-3.9600336105820153,1.6353500806654286
7.951618326573328,-3.9600336105820153,1.6269001518970552
7.951618326573328,-3.9600336105820153,1.6184502231286817
7.951618326573328,-3.9600336105820153,1.6100002943603078
7.951618326573328,-3.9600336105820153,1.605024225196709
7.951618326573328,-3.9600336105820153,1.6013907558263083
7.951618326573328,-3.9600336105820153,1.5977572864559078
7.951618326573328,-3.9600336105820153,1.5944871640225462
7.951618326573328,-3.9600336105820153,1.5919074007695624
7.951618326573328,-3.9600336105820153,1.5893276375165784
7.951618326573328,-3.9600336105820153,1.58726382691419
7.951618326573328,-3.9600336105820153,1.5854063973720418
7.951618326573328,-3.9600336105820153,1.5837347107841078
7.951618326573328,-3.9600336105820153,1.582230192854967
7.951618326573328,-3.9600336105820153,1.5808761267187408
7.951618326573328,-3.9600336105820153,1.5796574671961368
7.951618326573328,-3.9600336105820153,1.5785606736257936
7.951618326573328,-3.9600336105820153,1.5775735594124842
7.951618326573328,-3.9600336105820153,1.5766851566205056
7.951618326573328,-3.9600336105820153,1.5758855941077252
7.951618326573328,-3.9600336105820153,1.5751659878462232
7.951618326573328,-3.9600336105820153,1.5745183422108713
7.951618326573328,-3.9600336105820153,1.5739354611390541
7.951618326573328,-3.9600336105820153,1.5734108681744192
7.951618326573328,-3.9600336105820153,1.5729387345062475
7.951618326573328,-3.9600336105820153,1.5725138142048927
7.951618326573328,-3.9600336105820153,1.5721313859336743
7.951618326573328,-3.9600336105820153,1.5717872004895768
7.951618326573328,-3.9600336105820153,1.5714774335898891
7.951618326573328,-3.9600336105820153,1.5711676666902017
7.951618326573328,-3.9600336105820153,1.570857899790514
7.951618326573328,-3.9600336105820153,1.5706410629607328
7.951618326573328,-3.9600336105820153,1.57044590981393
7.951618326573328,-3.9600336105820153,1.5702702719818074
7.951618326573328,-3.9600336105820153,1.5701121979328965
7.951618326573328,-3.9600336105820153,1.5699699312888773
7.951618326573328,-3.9600336105820153,1.5698418913092598
7.951618326573328,-3.9600336105820153,1.569726655327604
7.951618326573328,-3.9600336105820153,1.5696114193459476
7.951618326573328,-3.9600336105820153,1.7266910520254377
7.951618326573328,-3.9600336105820153,1.868062721436978
7.951618326573328,-3.9600336105820153,1.995297223907365
7.951618326573328,-3.9600336105820153,2.1098082761307126
7.951618326573328,-3.9600336105820153,2.212868223131726
7.951618326573328,-3.9600336105820153,2.305622175432638
7.951618326573328,-3.9600336105820153,2.39837612773355
7.951618326573328,-3.9600336105820153,2.4725792895742793
7.951618326573328,-3.9600336105820153,2.5393621352309363
7.951618326573328,-3.9600336105820153,2.599466696321927
7.951618326573328,-3.9600336105820153,2.6595712574129178
7.951618326573328,-3.9600336105820153,2.7076549062857103
7.951618326573328,-3.9600336105820153,2.7557385551585027
7.951618326573328,-3.9600336105820153,2.794205474256737
7.951618326573328,-3.9600336105820153,2.8288257014451474
7.951618326573328,-3.9600336105820153,2.859983905914717
7.951618326573328,-3.9600336105820153,2.891142110384287
7.951618326573328,-3.9600336105820153,2.9191844944068994
7.951618326573328,-3.9600336105820153,2.941306819580294
7.951618326573328,-3.9600336105820153,2.961216912236349
7.951618326573328,-3.9600336105820153,2.9791359956267986
7.951618326573328,-3.9600336105820153,2.995263170678203
7.951618326573328,-3.9600336105820153,3.0113903457296076
7.951618326573328,-3.9600336105820153,3.0242920857707314
7.951618326573328,-3.9600336105820153,3.0359036518077427
7.951618326573328,-3.9600336105820153,3.047515217844754
7.951618326573328,-3.9600336105820153,3.056804470674363
7.951618326573328,-3.9600336105820153,3.0651647982210113
7.951618326573328,-3.9600336105820153,3.0726890930129946
7.951618326573328,-3.9600336105820153,3.0794609583257797
7.951618326573328,-3.9600336105820153,3.0862328236385648
7.951618326573328,-3.9600336105820153,3.09300468895135
7.951618326573328,-3.9600336105820153,3.097744994670299
7.951618326573328,-3.9600336105820153,3.1020112698173534
7.951618326573328,-3.9600336105820153,3.1062775449644078
7.951618326573328,-3.9600336105820153,3.1096905650820514
7.951618326573328,-3.9600336105820153,3.112762283187931
7.951618326573328,-3.9600336105820153,3.1158340012938104
7.951618326573328,-3.9600336105820153,3.118291375778514
7.951618326573328,-3.9600336105820153,3.120503012814747
7.951618326573328,-3.9600336105820153,3.12271464985098
7.951618326573328,-3.9600336105820153,3.1244839594799663
7.951618326573328,-3.9600336105820153,3.1262532691089526
7.951618326573328,-3.9600336105820153,3.128022578737939
7.951618326573328,-3.9600336105820153,3.1292610954782294
7.951618326573328,-3.9600336105820153,3.130375760544491
7.951618326573328,-3.9600336105820153,3.131378959104126
7.951618326573328,-3.9600336105820153,3.1322818378077977
7.951618326573328,-3.9600336105820153,3.1330944286411024
7.951618326573328,-3.9600336105820153,3.1338257603910766
7.951618326573328,-3.9600336105820153,3.1344839589660536
7.951618326573328,-3.9600336105820153,3.1350763376835324
7.951618326573328,-3.9600336105820153,3.1356094785292634
7.951618326573328,-3.9600336105820153,3.1360893052904215
7.951618326573328,-3.9600336105820153,3.1365691320515796
7.951618326573328,-3.9600336105820153,3.1370009761366218
7.951618326573328,-3.9600336105820153,3.137432820221664
7.951618326573328,-3.9600336105820153,3.137730312813582
7.951618326573328,-3.9600336105820153,3.1380278054055
7.951618326573328,-3.9600336105820153,3.1382955487382262
7.951618326573328,-3.9600336105820153,3.138506768478488
7.951618326573328,-3.9600336105820153,3.1386968662447234
7.951618326573328,-3.9600336105820153,3.1388679542343354
7.951618326573328,-3.9600336105820153,3.1390219334249863
7.951618326573328,-3.9600336105820153,3.139175912615637
7.951618326573328,-3.9600336105820153,3.139314493887223
7.951618326573328,-3.9600336105820153,3.1394376772397434
7.951618326573328,-3.9600336105820153,-2.986667997260353
7.951618326573328,-3.9600336105820153,-2.8295883645808635
7.951618326573328,-3.9600336105820153,-2.672508731901374
7.951618326573328,-3.9600336105820153,-2.515429099221884
7.951618326573328,-3.9600336105820153,-2.3583494665423945
7.951618326573328,-3.9600336105820153,-2.201269833862905
7.951618326573328,-3.9600336105820153,-2.138437980791109
7.951618326573328,-3.9600336105820153,-2.081889313026493
7.951618326573328,-3.9600336105820153,-2.0253406452618767
7.951618326573328,-3.9600336105820153,-1.980101711050184
7.951618326573328,-3.9600336105820153,-1.9348627768384905
7.951618326573328,-3.9600336105820153,-1.8986716294691355
7.951618326573328,-3.9600336105820153,-1.8660995968367171
7.951618326573328,-3.9600336105820153,-1.8367847674675404
7.951618326573328,-3.9600336105820153,-1.8104014210352812
7.951618326573328,-3.9600336105820153,-1.7866564092462478
7.951618326573328,-3.9600336105820153,-1.7629113974572141
7.951618326573328,-3.9600336105820153,-1.7439153880259877
7.951618326573328,-3.9600336105820153,-1.726818979537883
7.951618326573328,-3.9600336105820153,-1.7097225710497785
7.951618326573328,-3.9600336105820153,-1.6943358034104854
7.951618326573328,-3.9600336105820153,-1.6789490357711916
7.951618326573328,-3.9600336105820153,-1.668349262508567
7.951618326573328,-3.9600336105820153,-1.6588094665722048
7.951618326573328,-3.9600336105820153,-1.650223650229479
7.951618326573328,-3.9600336105820153,-1.642496415521026
7.951618326573328,-3.9600336105820153,-1.6347691808125722
7.951618326573328,-3.9600336105820153,-1.62858739304581
7.951618326573328,-3.9600336105820153,-1.6230237840557236
7.951618326573328,-3.9600336105820153,-1.6180165359646457
7.951618326573328,-3.9600336105820153,-1.613510012682676
7.951618326573328,-3.9600336105820153,-1.609003489400706
7.951618326573328,-3.9600336105820153,-1.6053982707751302
7.951618326573328,-3.9600336105820153,-1.6021535740121111
7.951618326573328,-3.9600336105820153,-1.5992333469253952
7.951618326573328,-3.9600336105820153,-1.5966051425473504
7.951618326573328,-3.9600336105820153,-1.59423975860711
7.951618326573328,-3.9600336105820153,-1.592110913060894
7.951618326573328,-3.9600336105820153,-1.5901949520692986
7.951618326573328,-3.9600336105820153,-1.588278991077704
7.951618326573328,-3.9600336105820153,-1.5867462222844284
7.951618326573328,-3.9600336105820153,-1.5853667303704797
7.951618326573328,-3.9600336105820153,-1.5841251876479263
7.951618326573328,-3.9600336105820153,-1.582883644925373
7.951618326573328,-3.9600336105820153,-1.5818904107473304
7.951618326573328,-3.9600336105820153,-1.5809964999870922
7.951618326573328,-3.9600336105820153,-1.5801919803028779
7.951618326573328,-3.9600336105820153,-1.5794679125870843
7.951618326573328,-3.9600336105820153,-1.5787438448712916
7.951618326573328,-3.9600336105820153,-1.5780921839270778
7.951618326573328,-3.9600336105820153,-1.5775780958488645
7.951618326573328,-3.9600336105820153,-1.5771154165784724
7.951618326573328,-3.9600336105820153,-1.5766990052351202
7.951618326573328,-3.9600336105820153,-1.5762825938917673
7.951618326573328,-3.9600336105820153,-1.5759494648170853
7.951618326573328,-3.9600336105820153,-1.575649648649871
7.951618326573328,-3.9600336105820153,-1.5753498324826571
7.951618326573328,-3.9600336105820153,-1.5750799979321648
7.951618326573328,-3.9600336105820153,-1.574867128453443
7.951618326573328,-3.9600336105820153,-1.5746755459225938
7.951618326573328,-3.9600336105820153,-1.5745031216448286
7.951618326573328,-3.9600336105820153,-1.5743479397948403
7.951618326573328,-3.9600336105820153,-1.5742082761298513
7.951618326573328,-3.9600336105820153,-1.5740686124648622
7.951618326573328,-3.9600336105820153,-1.5739568815328704
7.951618326573328,-3.9600336105820153,-1.5738451506008786
7.951618326573328,-3.9600336105820153,-1.5737334196688877
7.95132461770821,-4.060033179256598,-1.5737334196688877
7.951030908843093,-4.16003274793118,-1.5737334196688877
7.950737199977975,-4.260032316605763,-1.5737334196688877
7.950443491112857,-4.360031885280345,-1.5737334196688877
7.950149782247739,-4.460031453954928,-1.5737334196688877
7.949856073382621,-4.56003102262951,-1.5737334196688877
7.9495623645175035,-4.660030591304093,-1.5737334196688877
7.949268655652386,-4.760030159978675,-1.5737334196688877
7.948974946787268,-4.860029728653258,-1.5737334196688877
7.94868123792215,-4.96002929732784,-1.5737334196688877
7.948387529057032,-5.060028866002423,-1.5737334196688877
7.9480938201919145,-5.160028434677005,-1.5737334196688877
7.9480938201919145,-5.160028434677005,-1.730813052348377
7.9480938201919145,-5.160028434677005,-1.8721847217599177
7.9480938201919145,-5.160028434677005,-2.0135563911714587
7.9480938201919145,-5.160028434677005,-2.126653726700691
7.9480938201919145,-5.160028434677005,-2.2397510622299235
7.9480938201919145,-5.160028434677005,-2.341538664206233
7.9480938201919145,-5.160028434677005,-2.4433262661825426
7.9480938201919145,-5.160028434677005,-2.513446614210667
7.9480938201919145,-5.160028434677005,-2.5765549274359785
7.9480938201919145,-5.160028434677005,-2.6333524093387592
7.9480938201919145,-5.160028434677005,-2.6844701430512616
7.9480938201919145,-5.160028434677005,-2.730476103392514
7.9480938201919145,-5.160028434677005,-2.771881467699641
7.9480938201919145,-5.160028434677005,-2.8132868320067677
7.9480938201919145,-5.160028434677005,-2.8464111234524694
7.9480938201919145,-5.160028434677005,-2.876222985753601
7.9480938201919145,-5.160028434677005,-2.903053661824619
7.9480938201919145,-5.160028434677005,-2.9272012702885357
7.9480938201919145,-5.160028434677005,-2.9489341179060604
7.9480938201919145,-5.160028434677005,-2.9684936807618327
7.9480938201919145,-5.160028434677005,-2.986097287332028
7.9480938201919145,-5.160028434677005,-3.0019405332452034
7.9480938201919145,-5.160028434677005,-3.0161994545670616
7.9480938201919145,-5.160028434677005,-3.0290324837567337
7.9480938201919145,-5.160028434677005,-3.041865512946406
7.9480938201919145,-5.160028434677005,-3.0534152392171108
7.9480938201919145,-5.160028434677005,-3.0636816625688486
7.9480938201919145,-5.160028434677005,-3.072793113293516
7.9480938201919145,-5.160028434677005,-3.0808779216830096
7.9480938201919145,-5.160028434677005,-3.0880515850000365
7.9480938201919145,-5.160028434677005,-3.0952252483170635
7.9480938201919145,-5.160028434677005,-3.1023989116340904
7.9480938201919145,-5.160028434677005,-3.1095725749511174
7.9480938201919145,-5.160028434677005,-3.1167462382681443
7.9480938201919145,-5.160028434677005,-3.1239199015851713
7.9480938201919145,-5.160028434677005,-3.1310935649021983
7.9480938201919145,-5.160028434677005,-3.138267228219225
7.9480938201919145,-5.160028434677005,-3.139610846375384
7.9480938201919145,-5.160028434677005,-3.140102736384224
7.9480938201919145,-5.160028434677005,-3.14054543739218
7.9480938201919145,-5.160028434677005,-3.1409881384001364
7.9480938201919145,-5.160028434677005,-3.141342299206501
7.9480938201919145,-5.160028434677005,3.14148884716672
7.9480938201919145,-5.160028434677005,3.1412055185216285
7.9480938201919145,-5.160028434677005,3.1409221898765365
7.9480938201919145,-5.160028434677005,3.1406388612314444
7.9480938201919145,-5.160028434677005,3.14044053117988
7.9480938201919145,-5.160028434677005,3.1402422011283155
7.9480938201919145,-5.160028434677005,3.1400835370870643
7.9480938201919145,-5.160028434677005,3.1399407394499383
7.9480938201919145,-5.160028434677005,3.1398122215765247
7.9480938201919145,-5.160028434677005,3.139683703703111
7.9480938201919145,-5.160028434677005,3.1395808894043804
